Workbook

Sheet Raw Data
A1: ID | B1: Crop | C1: Region | D1: Soil_Quality_Index | E1: Rainfall_mm | F1: Avg_Temp_C | G1: Fertilizer_kg_per_hectare | H1: Yield_kg_per_hectare
A2: 1 | B2: Rice | C2: Pahang | D2: 86.9 | E2: 1216 | F2: 25.3 | G2: 75.6 | H2: 2174.7
A3: 2 | B3: Corn | C3: Pahang | D3: 80.4 | E3: 854 | F3: 24.8 | G3: 108.2 | H3: 1890.8
A4: 3 | B4: Corn | C4: Johor | D4: 85.8 | E4: 1992 | F4: 27.8 | G4: 162.3 | H4: 2628.8
A5: 4 | B5: Rice | C5: Johor | D5: 85 | E5: 1378 | F5: 25.4 | G5: 289.3 | H5: 2629.9
A6: 5 | B6: Rice | C6: Selangor | D6: 59.2 | E6: 2241 | F6: 29.4 | G6: 251.8 | H6: 2845.7
A7: 6 | B7: Corn | C7: Pahang | D7: 96.8 | E7: 1444 | F7: 29 | G7: 257.4 | H7: 2977.3
A8: 7 | B8: Durian | C8: Johor | D8: 85.3 | E8: 878 | F8: 26.1 | G8: 122.3 | H8: 1757.3
A9: 8 | B9: Palm Oil | C9: Pahang | D9: 71.3 | E9: 1571 | F9: 31.5 | G9: 90.7 | H9: 1900.3
A10: 9 | B10: Durian | C10: Pahang | D10: 81.2 | E10: 1091 | F10: 30.6 | G10: 90.9 | H10: 1859.9
A11: 10 | B11: Corn | C11: Johor | D11: 84.4 | E11: 2233 | F11: 31 | G11: 107.3 | H11: 2303.7
A12: 11 | B12: Durian | C12: Selangor | D12: 66.5 | E12: 1159 | F12: 32.5 | G12: 269.1 | H12: 2093.1
A13: 12 | B13: Banana | C13: Selangor | D13: 93 | E13: 1893 | F13: 25.3 | G13: 84.9 | H13: 2635.2
... A181: 180 | B181: Palm Oil | C181: Johor | D181: 80.9 | E181: 2092 | F181: 29.9 | G181: 94.3 | H181: 2630.1

Sheet Analysis
A1: Average Yield by Crop (kg/hectare)
A3: Crop | B3: Avg Yield (kg/ha) | C3: Avg Soil Quality | D3: Avg Fertilizer Used
A4: Rice | B4: =AVERAGEIF('Raw Data'!$B$2:$B$181,A4,'Raw Data'!$H$2:$H$181) -> 2483.0378 | C4: =AVERAGEIF('Raw Data'!$B$2:$B$181,A4,'Raw Data'!$D$2:$D$181) -> 74.775676 | D4: =AVERAGEIF('Raw Data'!$B$2:$B$181,A4,'Raw Data'!$G$2:$G$181) -> 197.57297
A5: Palm Oil | B5: =AVERAGEIF('Raw Data'!$B$2:$B$181,A5,'Raw Data'!$H$2:$H$181) -> 2379.7188 | C5: =AVERAGEIF('Raw Data'!$B$2:$B$181,A5,'Raw Data'!$D$2:$D$181) -> 78.14375 | D5: =AVERAGEIF('Raw Data'!$B$2:$B$181,A5,'Raw Data'!$G$2:$G$181) -> 170.62187
A6: Durian | B6: =AVERAGEIF('Raw Data'!$B$2:$B$181,A6,'Raw Data'!$H$2:$H$181) -> 2355.16 | C6: =AVERAGEIF('Raw Data'!$B$2:$B$181,A6,'Raw Data'!$D$2:$D$181) -> 77.668571 | D6: =AVERAGEIF('Raw Data'!$B$2:$B$181,A6,'Raw Data'!$G$2:$G$181) -> 159.72857
A7: Banana | B7: =AVERAGEIF('Raw Data'!$B$2:$B$181,A7,'Raw Data'!$H$2:$H$181) -> 2391.3571 | C7: =AVERAGEIF('Raw Data'!$B$2:$B$181,A7,'Raw Data'!$D$2:$D$181) -> 77.754286 | D7: =AVERAGEIF('Raw Data'!$B$2:$B$181,A7,'Raw Data'!$G$2:$G$181) -> 161.49714
A8: Corn | B8: =AVERAGEIF('Raw Data'!$B$2:$B$181,A8,'Raw Data'!$H$2:$H$181) -> 2396.3268 | C8: =AVERAGEIF('Raw Data'!$B$2:$B$181,A8,'Raw Data'!$D$2:$D$181) -> 80.039024 | D8: =AVERAGEIF('Raw Data'!$B$2:$B$181,A8,'Raw Data'!$G$2:$G$181) -> 158.16341
A11: Average Yield by Region (kg/hectare)
A13: Region | B13: Avg Yield (kg/ha)
A14: Pahang | B14: =AVERAGEIF('Raw Data'!$C$2:$C$181,A14,'Raw Data'!$H$2:$H$181) -> 2354.292
A15: Johor | B15: =AVERAGEIF('Raw Data'!$C$2:$C$181,A15,'Raw Data'!$H$2:$H$181) -> 2430.7064
A16: Melaka | B16: =AVERAGEIF('Raw Data'!$C$2:$C$181,A16,'Raw Data'!$H$2:$H$181) -> 2337.9763
A17: Selangor | B17: =AVERAGEIF('Raw Data'!$C$2:$C$181,A17,'Raw Data'!$H$2:$H$181) -> 2480
A20: Key Statistics (All Crops)
A22: Overall Avg Yield (kg/ha) | B22: =AVERAGE('Raw Data'!$H$2:$H$181) -> 2402.2272
A23: Max Yield (kg/ha) | B23: =MAX('Raw Data'!$H$2:$H$181) -> 3360.5
A24: Min Yield (kg/ha) | B24: =MIN('Raw Data'!$H$2:$H$181) -> 1449
A25: Correlation: Soil Quality vs Yield | B25: =CORREL('Raw Data'!$D$2:$D$181,'Raw Data'!$H$2:$H$181) -> 0.40303845
A26: Correlation: Fertilizer vs Yield | B26: =CORREL('Raw Data'!$G$2:$G$181,'Raw Data'!$H$2:$H$181) -> 0.46084052
A27: Correlation: Rainfall vs Yield | B27: =CORREL('Raw Data'!$E$2:$E$181,'Raw Data'!$H$2:$H$181) -> 0.58161633

Sheet Charts

Sheet Summary
A1: Portfolio Project: Crop Yield Analysis
A3: Project Overview
A4: Analyzed 180 simulated crop trial records across 5 crop types and 4 Malaysian regions to identify which environmental and management factors most influence agricultural yield.
A6: Key Insights
A7: - See Analysis tab for exact figures: average yield varies by crop type, with correlations calculated for soil quality, fertilizer use, and rainfall against yield.
A8: - Soil quality shows a measurable positive correlation with yield (see Analysis!B25) - consistent with agronomic principles from crop trial work.
A9: - Fertilizer application also correlates with yield, suggesting input management is a key lever alongside natural soil and climate conditions.
A10: - Regional breakdown highlights which areas produce above-average yields, useful for resource allocation decisions.
A13: Methodology
A14: Data cleaned and structured in the Raw Data tab. Summary statistics and correlations calculated using AVERAGEIF and CORREL formulas in the Analysis tab. Findings visualized using bar and scatter charts in the Charts tab.
A16: Note
A17: This dataset is synthetically generated for portfolio-building purposes and does not represent real farm records.
